{"cameraMode":{"drawMode":0,"name":"Shaded","section":"Shading Mode"},"sceneLighting":true,"audioPlay":false,"sceneViewState":{"showFog":true,"showMaterialUpdate":false,"showSkybox":true,"showFlares":true,"showImageEffects":true,"showParticleSystems":true},"in2DMode":false,"pivot":{"x":-65.00479125976563,"y":-70.25328063964844,"z":565.3580322265625},"rotation":{"x":-0.21503211557865144,"y":-0.03896347060799599,"z":0.008581860922276974,"w":-0.9757992625236511},"size":369.9460144042969,"orthographic":false}